new confirmed,afghanistan,0,1,173,1997,13034,1304
new confirmed,albania,0,0,243,530,364,27
new confirmed,algeria,0,1,715,3290,5388,232
new confirmed,andorra,0,0,376,369,19,80
new confirmed,angola,0,0,7,20,59,0
new confirmed,antigua and barbuda,0,0,7,17,2,0
new confirmed,argentina,0,0,1054,3374,12423,1468
new confirmed,armenia,0,0,532,1534,7216,727
new confirmed,australia,9,16,4534,2207,436,27
new confirmed,austria,0,9,10171,5272,1279,28
new confirmed,azerbaijan,0,0,298,1506,3690,441
new confirmed,bahamas,0,0,14,67,21,0
new confirmed,bahrain,0,41,526,2473,8358,913
new confirmed,bangladesh,0,0,51,7616,39486,5292
new confirmed,barbados,0,0,34,47,11,0
new confirmed,belarus,0,1,151,13875,28529,1699
new confirmed,belgium,0,1,12774,35744,9862,234
new confirmed,belize,0,0,3,15,0,0
new confirmed,benin,0,0,9,55,168,12
new confirmed,bhutan,0,0,4,3,36,4
new confirmed,bolivia,0,0,107,1060,8815,1009
new confirmed,bosnia and herzegovina,0,0,420,1337,753,25
new confirmed,botswana,0,0,4,19,12,5
new confirmed,brazil,0,2,5715,81470,427662,40534
new confirmed,brunei,0,0,129,9,3,0
new confirmed,bulgaria,0,0,399,1107,1007,25
new confirmed,burkina faso,0,0,261,384,202,34
new confirmed,burma,0,0,15,136,73,8
new confirmed,burundi,0,0,2,9,52,0
new confirmed,cabo verde,0,0,6,115,314,31
new confirmed,cambodia,1,0,108,13,3,0
new confirmed,cameroon,0,0,193,1639,4072,681
new confirmed,canada,4,16,8507,45930,38022,1480
new confirmed,central african republic,0,0,3,47,961,58
new confirmed,chad,0,0,7,66,705,25
new confirmed,chile,0,0,2738,13285,83665,8998
new confirmed,china,9802,69554,2923,1677,190,15
new confirmed,colombia,0,0,906,5601,20712,3374
new confirmed,comoros,0,0,0,1,105,26
new confirmed,congo (brazzaville),0,0,19,201,391,0
new confirmed,congo (kinshasa),0,0,98,474,2498,256
new confirmed,costa rica,0,0,347,372,337,49
new confirmed,cote d'ivoire,0,0,179,1096,1558,191
new confirmed,croatia,0,6,861,1209,170,0
new confirmed,cuba,0,0,186,1315,544,47
new confirmed,cyprus,0,0,262,588,94,8
new confirmed,czechia,0,0,3308,4374,1586,96
new confirmed,denmark,0,3,3036,6317,2513,65
new confirmed,diamond princess,0,705,7,0,0,0
new confirmed,djibouti,0,0,30,1059,2265,425
new confirmed,dominica,0,0,12,4,0,2
new confirmed,dominican republic,0,0,1109,5863,10313,467
new confirmed,ecuador,0,0,2240,22694,14164,1316
new confirmed,egypt,0,1,709,4827,19448,2551
new confirmed,el salvador,0,0,32,363,2122,136
new confirmed,equatorial guinea,0,0,12,303,991,0
new confirmed,eritrea,0,0,15,24,0,0
new confirmed,estonia,0,1,744,944,180,1
new confirmed,eswatini,0,0,9,91,185,9
new confirmed,ethiopia,0,0,26,105,1041,172
new confirmed,fiji,0,0,5,13,0,0
new confirmed,finland,1,2,1415,3577,1864,28
new confirmed,france,5,95,52727,114472,21710,-559
new confirmed,gabon,0,0,16,260,2379,148
new confirmed,gambia,0,0,4,7,14,0
new confirmed,georgia,0,1,109,429,244,13
new confirmed,germany,5,74,71729,91201,20401,469
new confirmed,ghana,0,0,161,1913,5996,227
new confirmed,greece,0,4,1310,1277,326,20
new confirmed,grenada,0,0,9,11,3,0
new confirmed,guatemala,0,0,38,561,4488,499
new confirmed,guinea,0,0,22,1473,2211,180
new confirmed,guinea-bissau,0,0,8,197,1051,83
new confirmed,guyana,0,0,12,70,71,0
new confirmed,haiti,0,0,15,66,2043,102
new confirmed,holy see,0,0,6,5,1,0
new confirmed,honduras,0,0,141,630,4431,325
new confirmed,hungary,0,0,492,2283,1101,45
new confirmed,iceland,0,1,1134,662,9,0
new confirmed,india,1,2,1394,33466,155746,16582
new confirmed,indonesia,0,0,1528,8590,16355,1076
new confirmed,iran,0,593,44012,50035,56826,6096
new confirmed,iraq,0,13,681,1391,4354,948
new confirmed,ireland,0,1,3234,17377,4378,76
new confirmed,israel,0,7,5351,10588,1125,214
new confirmed,italy,2,1126,104664,99671,27534,518
new confirmed,jamaica,0,0,36,386,164,4
new confirmed,japan,15,226,1712,12135,2663,86
new confirmed,jordan,0,0,274,179,286,16
new confirmed,kazakhstan,0,0,343,3059,7456,713
new confirmed,kenya,0,0,59,337,1566,131
new confirmed,|korea, south|,11,3139,6636,988,729,87
new confirmed,kosovo,0,0,112,694,258,0
new confirmed,kuwait,0,45,244,3735,23019,1606
new confirmed,kyrgyzstan,0,0,107,639,1002,97
new confirmed,laos,0,0,9,10,0,0
new confirmed,latvia,0,0,398,460,208,5
new confirmed,lebanon,0,4,466,255,495,22
new confirmed,lesotho,0,0,0,0,2,0
new confirmed,liberia,0,0,3,138,147,23
new confirmed,libya,0,0,10,51,95,26
new confirmed,liechtenstein,0,0,68,14,0,0
new confirmed,lithuania,0,1,536,848,290,7
new confirmed,luxembourg,0,1,2177,1606,234,2
new confirmed,ms zaandam,0,0,2,7,0,0
new confirmed,madagascar,0,0,57,71,643,74
new confirmed,malawi,0,0,0,37,247,74
new confirmed,malaysia,8,17,2741,3236,1817,58
new confirmed,maldives,0,0,18,450,1305,68
new confirmed,mali,0,0,28,462,775,86
new confirmed,malta,0,0,169,296,153,2
new confirmed,mauritania,0,0,6,2,522,138
new confirmed,mauritius,0,0,143,189,3,0
new confirmed,mexico,0,4,1211,18009,71440,6662
new confirmed,moldova,0,0,353,3544,4354,297
new confirmed,monaco,0,1,51,43,4,0
new confirmed,mongolia,0,0,12,26,141,6
new confirmed,montenegro,0,0,109,213,2,0
new confirmed,morocco,0,0,617,3806,3384,59
new confirmed,mozambique,0,0,8,68,178,53
new confirmed,namibia,0,0,11,5,8,1
new confirmed,nepal,1,0,4,52,1515,527
new confirmed,netherlands,0,6,12661,26845,7133,207
new confirmed,new zealand,0,1,646,832,25,0
new confirmed,nicaragua,0,0,5,9,745,359
new confirmed,niger,0,0,27,692,239,2
new confirmed,nigeria,0,1,134,1797,8230,657
new confirmed,north macedonia,0,1,328,1136,761,165
new confirmed,norway,0,15,4626,3097,702,15
new confirmed,oman,0,6,186,2156,9089,1362
new confirmed,pakistan,0,4,1934,14879,52679,6902
new confirmed,panama,0,0,1181,5351,6931,632
new confirmed,papua new guinea,0,0,1,7,0,0
new confirmed,paraguay,0,0,65,201,720,27
new confirmed,peru,0,0,1065,35911,127500,5563
new confirmed,philippines,1,2,2081,6404,9598,911
new confirmed,poland,0,0,2311,10566,10909,609
new confirmed,portugal,0,0,7443,17602,7455,395
new confirmed,qatar,0,1,780,12628,43501,3349
new confirmed,romania,0,3,2242,9995,7017,260
new confirmed,russia,2,0,2335,104161,299345,17343
new confirmed,rwanda,0,0,75,168,127,14
new confirmed,saint kitts and nevis,0,0,8,7,0,0
new confirmed,saint lucia,0,0,13,4,1,0
new confirmed,saint vincent and the grenadines,0,0,1,15,10,0
new confirmed,san marino,0,1,235,333,102,1
new confirmed,sao tome and principe,0,0,0,14,469,1
new confirmed,saudi arabia,0,0,1563,21190,62508,3750
new confirmed,senegal,0,0,175,758,2712,191
new confirmed,serbia,0,0,900,8109,2403,42
new confirmed,seychelles,0,0,10,1,0,0
new confirmed,sierra leone,0,0,1,123,737,35
new confirmed,singapore,13,89,824,15243,18715,952
new confirmed,slovakia,0,0,363,1033,125,1
new confirmed,slovenia,0,0,802,627,44,2
new confirmed,somalia,0,0,5,596,1375,113
new confirmed,south africa,0,0,1353,4294,27036,3129
new confirmed,south sudan,0,0,0,35,959,0
new confirmed,spain,0,45,95878,117512,26044,453
new confirmed,sri lanka,1,0,142,520,970,50
new confirmed,sudan,0,0,7,435,4584,284
new confirmed,suriname,0,0,9,1,13,31
new confirmed,sweden,1,11,4423,16657,16450,1047
new confirmed,switzerland,0,18,16587,12981,1276,12
new confirmed,syria,0,0,10,33,79,1
new confirmed,taiwan*,10,29,283,107,13,1
new confirmed,tajikistan,0,0,0,15,3915,170
new confirmed,tanzania,0,0,19,461,29,0
new confirmed,thailand,19,23,1609,1303,127,2
new confirmed,timor-leste,0,0,1,23,0,0
new confirmed,togo,0,0,34,82,326,3
new confirmed,trinidad and tobago,0,0,87,29,1,0
new confirmed,tunisia,0,0,394,600,83,9
new confirmed,turkey,0,0,13531,106673,43738,1613
new confirmed,us,7,61,188104,881252,720748,41649
new confirmed,uganda,0,0,44,39,334,72
new confirmed,ukraine,0,0,645,9761,13266,1223
new confirmed,united arab emirates,4,17,643,11817,22076,1231
new confirmed,united kingdom,2,21,25458,147000,103675,3236
new confirmed,uruguay,0,0,338,305,180,3
new confirmed,uzbekistan,0,0,172,1867,1584,137
new confirmed,venezuela,0,0,135,198,1177,309
new confirmed,vietnam,2,14,196,58,58,0
new confirmed,west bank and gaza,0,0,119,225,104,3
new confirmed,western sahara,0,0,0,6,3,0
new confirmed,yemen,0,0,0,6,317,76
new confirmed,zambia,0,0,35,71,951,32
new confirmed,zimbabwe,0,0,8,32,138,28
new confirmed,world,9927,76084,771597,2399302,2910036,211291
new confirmed,united states,7,61,188104,881252,720748,41649
new confirmed,usa,7,61,188104,881252,720748,41649
new confirmed,south korea,11,3139,6636,988,729,87
new confirmed,uk,2,21,25458,147000,103675,3236
new recovered,afghanistan,0,0,5,255,1068,122
new recovered,albania,0,0,52,418,402,19
new recovered,algeria,0,0,46,1733,3969,319
new recovered,andorra,0,0,10,458,226,39
new recovered,angola,0,0,1,6,11,0
new recovered,antigua and barbuda,0,0,0,11,8,1
new recovered,argentina,0,0,240,1016,4080,373
new recovered,armenia,0,0,30,899,2457,41
new recovered,australia,2,9,347,5384,876,18
new recovered,austria,0,0,1095,11812,2686,36
new recovered,azerbaijan,0,0,26,1299,2103,136
new recovered,bahamas,0,0,1,24,23,1
new recovered,bahrain,0,0,295,1205,5173,734
new recovered,bangladesh,0,0,25,135,9621,1339
new recovered,barbados,0,0,0,39,37,0
new recovered,belarus,0,0,47,2339,16128,681
new recovered,belgium,0,1,1695,9880,4311,47
new recovered,belize,0,0,0,9,7,0
new recovered,benin,0,0,1,32,110,5
new recovered,bhutan,0,0,0,5,1,3
new recovered,bolivia,0,0,0,132,836,330
new recovered,bosnia and herzegovina,0,0,17,710,1135,48
new recovered,botswana,0,0,0,5,15,3
new recovered,brazil,0,0,127,35808,170620,17083
new recovered,brunei,0,0,45,79,14,0
new recovered,bulgaria,0,0,17,249,808,49
new recovered,burkina faso,0,0,32,474,214,0
new recovered,burma,0,0,0,27,111,5
new recovered,burundi,0,0,0,4,29,0
new recovered,cabo verde,0,0,0,4,189,44
new recovered,cambodia,0,1,22,96,4,0
new recovered,cameroon,0,0,5,929,2634,108
new recovered,canada,0,6,1586,19832,27789,1512
new recovered,central african republic,0,0,0,10,13,0
new recovered,chad,0,0,0,33,458,71
new recovered,chile,0,0,156,8424,34147,-21402
new recovered,china,214,39106,36886,2317,866,11
new recovered,colombia,0,0,31,1408,5593,2657
new recovered,comoros,0,0,0,0,26,1
new recovered,congo (brazzaville),0,0,0,19,160,0
new recovered,congo (kinshasa),0,0,2,71,375,34
new recovered,costa rica,0,0,4,334,331,13
new recovered,cote d'ivoire,0,0,7,567,861,66
new recovered,croatia,0,0,67,1281,724,16
new recovered,cuba,0,0,8,673,1128,18
new recovered,cyprus,0,0,23,273,494,0
new recovered,czechia,0,0,45,3269,3244,128
new recovered,denmark,0,0,77,6664,3819,127
new recovered,diamond princess,0,10,593,42,6,0
new recovered,djibouti,0,0,0,642,862,103
new recovered,dominica,0,0,0,13,3,0
new recovered,dominican republic,0,0,5,1296,9258,516
new recovered,ecuador,0,0,54,1504,18034,427
new recovered,egypt,0,1,156,1224,4656,790
new recovered,el salvador,0,0,0,119,921,120
new recovered,equatorial guinea,0,0,1,8,191,0
new recovered,eritrea,0,0,0,26,13,0
new recovered,estonia,0,0,26,223,1375,8
new recovered,eswatini,0,0,0,12,177,9
new recovered,ethiopia,0,0,2,57,150,22
new recovered,fiji,0,0,0,12,3,0
new recovered,finland,0,1,9,2990,2500,0
new recovered,france,0,12,9501,39963,18997,457
new recovered,gabon,0,0,0,67,655,57
new recovered,gambia,0,0,0,8,12,0
new recovered,georgia,0,0,21,163,421,29
new recovered,germany,0,16,16084,107400,41852,1257
new recovered,ghana,0,0,31,181,2735,39
new recovered,greece,0,0,52,1322,0,0
new recovered,grenada,0,0,0,13,5,0
new recovered,guatemala,0,0,12,54,669,89
new recovered,guinea,0,0,0,329,1701,237
new recovered,guinea-bissau,0,0,0,19,23,11
new recovered,guyana,0,0,0,22,48,0
new recovered,haiti,0,0,1,7,16,0
new recovered,holy see,0,0,0,2,0,0
new recovered,honduras,0,0,3,76,458,26
new recovered,hungary,0,0,37,544,1566,13
new recovered,iceland,0,0,198,1472,124,0
new recovered,india,0,3,120,8945,82784,8433
new recovered,indonesia,0,0,81,1441,5786,627
new recovered,iran,0,123,14533,60447,43745,4229
new recovered,iraq,0,0,170,1205,1781,352
new recovered,ireland,0,0,5,13381,8703,0
new recovered,israel,0,1,223,8337,6251,128
new recovered,italy,0,46,15683,60216,81562,2585
new recovered,jamaica,0,0,2,27,282,45
new recovered,japan,1,31,392,2036,11882,243
new recovered,jordan,0,0,30,332,160,27
new recovered,kazakhstan,0,0,24,842,4538,537
new recovered,kenya,0,0,1,143,334,21
new recovered,|korea, south|,0,27,5381,3664,1350,45
new recovered,kosovo,0,0,6,265,558,0
new recovered,kuwait,0,0,73,1466,9847,2895
new recovered,kyrgyzstan,0,0,3,459,708,49
new recovered,laos,0,0,0,8,8,0
new recovered,latvia,0,0,1,347,397,15
new recovered,lebanon,0,0,37,113,562,7
new recovered,lesotho,0,0,0,0,1,0
new recovered,liberia,0,0,0,45,112,10
new recovered,libya,0,0,1,17,34,0
new recovered,liechtenstein,0,0,0,55,0,0
new recovered,lithuania,0,0,7,582,647,13
new recovered,luxembourg,0,0,80,3133,620,15
new recovered,ms zaandam,0,0,0,0,0,0
new recovered,madagascar,0,0,0,92,76,17
new recovered,malawi,0,0,0,7,35,0
new recovered,malaysia,0,18,519,3634,2182,117
new recovered,maldives,0,0,13,4,436,155
new recovered,mali,0,0,0,135,581,53
new recovered,malta,0,0,2,349,183,20
new recovered,mauritania,0,0,2,4,21,28
new recovered,mauritius,0,0,0,310,12,0
new recovered,mexico,0,0,35,11388,52349,5977
new recovered,moldova,0,0,18,1164,3399,157
new recovered,monaco,0,0,2,62,26,0
new recovered,mongolia,0,0,2,8,34,0
new recovered,montenegro,0,0,0,214,101,0
new recovered,morocco,0,0,24,960,4475,951
new recovered,mozambique,0,0,0,12,79,7
new recovered,namibia,0,0,2,6,6,2
new recovered,nepal,0,1,0,15,204,46
new recovered,netherlands,0,0,3,122,53,2
new recovered,new zealand,0,0,74,1178,229,0
new recovered,nicaragua,0,0,0,7,363,0
new recovered,niger,0,0,0,452,387,9
new recovered,nigeria,0,0,8,311,2688,233
new recovered,north macedonia,0,0,12,726,814,43
new recovered,norway,0,0,13,19,7695,0
new recovered,oman,0,1,33,461,2187,130
new recovered,pakistan,0,0,76,4239,20956,1839
new recovered,panama,0,0,9,567,8938,0
new recovered,papua new guinea,0,0,0,0,8,0
new recovered,paraguay,0,0,1,112,364,21
new recovered,peru,0,0,394,10011,56803,2049
new recovered,philippines,0,1,48,994,2866,154
new recovered,poland,0,0,7,3229,8035,455
new recovered,portugal,0,0,43,1476,17890,460
new recovered,qatar,0,0,62,1310,28918,5746
new recovered,romania,0,0,220,3797,9239,270
new recovered,russia,0,2,119,11498,160264,14719
new recovered,rwanda,0,0,0,104,152,13
new recovered,saint kitts and nevis,0,0,0,6,9,0
new recovered,saint lucia,0,0,1,14,3,0
new recovered,saint vincent and the grenadines,0,0,1,7,7,0
new recovered,san marino,0,0,13,65,279,27
new recovered,sao tome and principe,0,0,0,4,64,0
new recovered,saudi arabia,0,0,165,2998,59279,3348
new recovered,senegal,0,0,40,294,1467,153
new recovered,serbia,0,0,0,1343,5355,68
new recovered,seychelles,0,0,0,6,5,0
new recovered,sierra leone,0,0,0,21,433,26
new recovered,singapore,0,72,168,1004,20455,1476
new recovered,slovakia,0,0,3,521,842,6
new recovered,slovenia,0,0,10,223,1125,0
new recovered,somalia,0,0,1,30,317,13
new recovered,south africa,0,0,31,2042,14736,1504
new recovered,south sudan,0,0,0,0,6,0
new recovered,spain,0,2,19257,92791,38326,0
new recovered,sri lanka,0,1,16,137,647,22
new recovered,sudan,0,0,1,38,1384,202
new recovered,suriname,0,0,0,8,1,0
new recovered,sweden,0,0,16,989,3966,-4971
new recovered,switzerland,0,0,1823,21577,5100,0
new recovered,syria,0,0,0,21,25,4
new recovered,taiwan*,0,9,30,283,101,4
new recovered,tajikistan,0,0,0,0,2004,213
new recovered,tanzania,0,0,1,166,16,0
new recovered,thailand,5,23,314,2342,279,3
new recovered,timor-leste,0,0,0,16,8,0
new recovered,togo,0,0,10,55,146,19
new recovered,trinidad and tobago,0,0,1,71,36,0
new recovered,tunisia,0,0,3,302,655,5
new recovered,turkey,0,0,243,48643,79087,1948
new recovered,us,0,7,7017,146923,290811,19110
new recovered,uganda,0,0,0,52,20,10
new recovered,ukraine,0,0,10,1228,8300,923
new recovered,united arab emirates,0,5,56,2368,15503,794
new recovered,united kingdom,0,8,171,680,331,34
new recovered,uruguay,0,0,41,376,268,6
new recovered,uzbekistan,0,0,7,1126,1704,71
new recovered,venezuela,0,0,39,103,160,32
new recovered,vietnam,0,16,42,161,60,19
new recovered,west bank and gaza,0,0,18,58,296,0
new recovered,western sahara,0,0,0,5,1,0
new recovered,yemen,0,0,0,1,13,1
new recovered,zambia,0,0,0,55,724,133
new recovered,zimbabwe,0,0,0,5,24,0
new recovered,world,222,39560,138002,836102,1627443,88198
new recovered,united states,0,7,7017,146923,290811,19110
new recovered,usa,0,7,7017,146923,290811,19110
new recovered,south korea,0,27,5381,3664,1350,45
new recovered,uk,0,8,171,680,331,34
total confirmed,afghanistan,0,1,174,2171,15205,16509
total confirmed,albania,0,0,243,773,1137,1164
total confirmed,algeria,0,1,716,4006,9394,9626
total confirmed,andorra,0,0,376,745,764,844
total confirmed,angola,0,0,7,27,86,86
total confirmed,antigua and barbuda,0,0,7,24,26,26
total confirmed,argentina,0,0,1054,4428,16851,18319
total confirmed,armenia,0,0,532,2066,9282,10009
total confirmed,australia,9,25,4559,6766,7202,7229
total confirmed,austria,0,9,10180,15452,16731,16759
total confirmed,azerbaijan,0,0,298,1804,5494,5935
total confirmed,bahamas,0,0,14,81,102,102
total confirmed,bahrain,0,41,567,3040,11398,12311
total confirmed,bangladesh,0,0,51,7667,47153,52445
total confirmed,barbados,0,0,34,81,92,92
total confirmed,belarus,0,1,152,14027,42556,44255
total confirmed,belgium,0,1,12775,48519,58381,58615
total confirmed,belize,0,0,3,18,18,18
total confirmed,benin,0,0,9,64,232,244
total confirmed,bhutan,0,0,4,7,43,47
total confirmed,bolivia,0,0,107,1167,9982,10991
total confirmed,bosnia and herzegovina,0,0,420,1757,2510,2535
total confirmed,botswana,0,0,4,23,35,40
total confirmed,brazil,0,2,5717,87187,514849,555383
total confirmed,brunei,0,0,129,138,141,141
total confirmed,bulgaria,0,0,399,1506,2513,2538
total confirmed,burkina faso,0,0,261,645,847,881
total confirmed,burma,0,0,15,151,224,232
total confirmed,burundi,0,0,2,11,63,63
total confirmed,cabo verde,0,0,6,121,435,466
total confirmed,cambodia,1,1,109,122,125,125
total confirmed,cameroon,0,0,193,1832,5904,6585
total confirmed,canada,4,20,8527,54457,92479,93959
total confirmed,central african republic,0,0,3,50,1011,1069
total confirmed,chad,0,0,7,73,778,803
total confirmed,chile,0,0,2738,16023,99688,108686
total confirmed,china,9802,79356,82279,83956,84146,84161
total confirmed,colombia,0,0,906,6507,27219,30593
total confirmed,comoros,0,0,0,1,106,132
total confirmed,congo (brazzaville),0,0,19,220,611,611
total confirmed,congo (kinshasa),0,0,98,572,3070,3326
total confirmed,costa rica,0,0,347,719,1056,1105
total confirmed,cote d'ivoire,0,0,179,1275,2833,3024
total confirmed,croatia,0,6,867,2076,2246,2246
total confirmed,cuba,0,0,186,1501,2045,2092
total confirmed,cyprus,0,0,262,850,944,952
total confirmed,czechia,0,0,3308,7682,9268,9364
total confirmed,denmark,0,3,3039,9356,11869,11934
total confirmed,diamond princess,0,705,712,712,712,712
total confirmed,djibouti,0,0,30,1089,3354,3779
total confirmed,dominica,0,0,12,16,16,18
total confirmed,dominican republic,0,0,1109,6972,17285,17752
total confirmed,ecuador,0,0,2240,24934,39098,40414
total confirmed,egypt,0,1,710,5537,24985,27536
total confirmed,el salvador,0,0,32,395,2517,2653
total confirmed,equatorial guinea,0,0,12,315,1306,1306
total confirmed,eritrea,0,0,15,39,39,39
total confirmed,estonia,0,1,745,1689,1869,1870
total confirmed,eswatini,0,0,9,100,285,294
total confirmed,ethiopia,0,0,26,131,1172,1344
total confirmed,fiji,0,0,5,18,18,18
total confirmed,finland,1,3,1418,4995,6859,6887
total confirmed,france,5,100,52827,167299,189009,188450
total confirmed,gabon,0,0,16,276,2655,2803
total confirmed,gambia,0,0,4,11,25,25
total confirmed,georgia,0,1,110,539,783,796
total confirmed,germany,5,79,71808,163009,183410,183879
total confirmed,ghana,0,0,161,2074,8070,8297
total confirmed,greece,0,4,1314,2591,2917,2937
total confirmed,grenada,0,0,9,20,23,23
total confirmed,guatemala,0,0,38,599,5087,5586
total confirmed,guinea,0,0,22,1495,3706,3886
total confirmed,guinea-bissau,0,0,8,205,1256,1339
total confirmed,guyana,0,0,12,82,153,153
total confirmed,haiti,0,0,15,81,2124,2226
total confirmed,holy see,0,0,6,11,12,12
total confirmed,honduras,0,0,141,771,5202,5527
total confirmed,hungary,0,0,492,2775,3876,3921
total confirmed,iceland,0,1,1135,1797,1806,1806
total confirmed,india,1,3,1397,34863,190609,207191
total confirmed,indonesia,0,0,1528,10118,26473,27549
total confirmed,iran,0,593,44605,94640,151466,157562
total confirmed,iraq,0,13,694,2085,6439,7387
total confirmed,ireland,0,1,3235,20612,24990,25066
total confirmed,israel,0,7,5358,15946,17071,17285
total confirmed,italy,2,1128,105792,205463,232997,233515
total confirmed,jamaica,0,0,36,422,586,590
total confirmed,japan,15,241,1953,14088,16751,16837
total confirmed,jordan,0,0,274,453,739,755
total confirmed,kazakhstan,0,0,343,3402,10858,11571
total confirmed,kenya,0,0,59,396,1962,2093
total confirmed,|korea, south|,11,3150,9786,10774,11503,11590
total confirmed,kosovo,0,0,112,806,1064,1064
total confirmed,kuwait,0,45,289,4024,27043,28649
total confirmed,kyrgyzstan,0,0,107,746,1748,1845
total confirmed,laos,0,0,9,19,19,19
total confirmed,latvia,0,0,398,858,1066,1071
total confirmed,lebanon,0,4,470,725,1220,1242
total confirmed,lesotho,0,0,0,0,2,2
total confirmed,liberia,0,0,3,141,288,311
total confirmed,libya,0,0,10,61,156,182
total confirmed,liechtenstein,0,0,68,82,82,82
total confirmed,lithuania,0,1,537,1385,1675,1682
total confirmed,luxembourg,0,1,2178,3784,4018,4020
total confirmed,ms zaandam,0,0,2,9,9,9
total confirmed,madagascar,0,0,57,128,771,845
total confirmed,malawi,0,0,0,37,284,358
total confirmed,malaysia,8,25,2766,6002,7819,7877
total confirmed,maldives,0,0,18,468,1773,1841
total confirmed,mali,0,0,28,490,1265,1351
total confirmed,malta,0,0,169,465,618,620
total confirmed,mauritania,0,0,6,8,530,668
total confirmed,mauritius,0,0,143,332,335,335
total confirmed,mexico,0,4,1215,19224,90664,97326
total confirmed,moldova,0,0,353,3897,8251,8548
total confirmed,monaco,0,1,52,95,99,99
total confirmed,mongolia,0,0,12,38,179,185
total confirmed,montenegro,0,0,109,322,324,324
total confirmed,morocco,0,0,617,4423,7807,7866
total confirmed,mozambique,0,0,8,76,254,307
total confirmed,namibia,0,0,11,16,24,25
total confirmed,nepal,1,1,5,57,1572,2099
total confirmed,netherlands,0,6,12667,39512,46645,46852
total confirmed,new zealand,0,1,647,1479,1504,1504
total confirmed,nicaragua,0,0,5,14,759,1118
total confirmed,niger,0,0,27,719,958,960
total confirmed,nigeria,0,1,135,1932,10162,10819
total confirmed,north macedonia,0,1,329,1465,2226,2391
total confirmed,norway,0,15,4641,7738,8440,8455
total confirmed,oman,0,6,192,2348,11437,12799
total confirmed,pakistan,0,4,1938,16817,69496,76398
total confirmed,panama,0,0,1181,6532,13463,14095
total confirmed,papua new guinea,0,0,1,8,8,8
total confirmed,paraguay,0,0,65,266,986,1013
total confirmed,peru,0,0,1065,36976,164476,170039
total confirmed,philippines,1,3,2084,8488,18086,18997
total confirmed,poland,0,0,2311,12877,23786,24395
total confirmed,portugal,0,0,7443,25045,32500,32895
total confirmed,qatar,0,1,781,13409,56910,60259
total confirmed,romania,0,3,2245,12240,19257,19517
total confirmed,russia,2,2,2337,106498,405843,423186
total confirmed,rwanda,0,0,75,243,370,384
total confirmed,saint kitts and nevis,0,0,8,15,15,15
total confirmed,saint lucia,0,0,13,17,18,18
total confirmed,saint vincent and the grenadines,0,0,1,16,26,26
total confirmed,san marino,0,1,236,569,671,672
total confirmed,sao tome and principe,0,0,0,14,483,484
total confirmed,saudi arabia,0,0,1563,22753,85261,89011
total confirmed,senegal,0,0,175,933,3645,3836
total confirmed,serbia,0,0,900,9009,11412,11454
total confirmed,seychelles,0,0,10,11,11,11
total confirmed,sierra leone,0,0,1,124,861,896
total confirmed,singapore,13,102,926,16169,34884,35836
total confirmed,slovakia,0,0,363,1396,1521,1522
total confirmed,slovenia,0,0,802,1429,1473,1475
total confirmed,somalia,0,0,5,601,1976,2089
total confirmed,south africa,0,0,1353,5647,32683,35812
total confirmed,south sudan,0,0,0,35,994,994
total confirmed,spain,0,45,95923,213435,239479,239932
total confirmed,sri lanka,1,1,143,663,1633,1683
total confirmed,sudan,0,0,7,442,5026,5310
total confirmed,suriname,0,0,9,10,23,54
total confirmed,sweden,1,12,4435,21092,37542,38589
total confirmed,switzerland,0,18,16605,29586,30862,30874
total confirmed,syria,0,0,10,43,122,123
total confirmed,taiwan*,10,39,322,429,442,443
total confirmed,tajikistan,0,0,0,15,3930,4100
total confirmed,tanzania,0,0,19,480,509,509
total confirmed,thailand,19,42,1651,2954,3081,3083
total confirmed,timor-leste,0,0,1,24,24,24
total confirmed,togo,0,0,34,116,442,445
total confirmed,trinidad and tobago,0,0,87,116,117,117
total confirmed,tunisia,0,0,394,994,1077,1086
total confirmed,turkey,0,0,13531,120204,163942,165555
total confirmed,us,7,68,188172,1069424,1790172,1831821
total confirmed,uganda,0,0,44,83,417,489
total confirmed,ukraine,0,0,645,10406,23672,24895
total confirmed,united arab emirates,4,21,664,12481,34557,35788
total confirmed,united kingdom,2,23,25481,172481,276156,279392
total confirmed,uruguay,0,0,338,643,823,826
total confirmed,uzbekistan,0,0,172,2039,3623,3760
total confirmed,venezuela,0,0,135,333,1510,1819
total confirmed,vietnam,2,16,212,270,328,328
total confirmed,west bank and gaza,0,0,119,344,448,451
total confirmed,western sahara,0,0,0,6,9,9
total confirmed,yemen,0,0,0,6,323,399
total confirmed,zambia,0,0,35,106,1057,1089
total confirmed,zimbabwe,0,0,8,40,178,206
total confirmed,world,9927,86011,857608,3256910,6166946,6378237
total confirmed,united states,7,68,188172,1069424,1790172,1831821
total confirmed,usa,7,68,188172,1069424,1790172,1831821
total confirmed,south korea,11,3150,9786,10774,11503,11590
total confirmed,uk,2,23,25481,172481,276156,279392
total recovered,afghanistan,0,0,5,260,1328,1450
total recovered,albania,0,0,52,470,872,891
total recovered,algeria,0,0,46,1779,5748,6067
total recovered,andorra,0,0,10,468,694,733
total recovered,angola,0,0,1,7,18,18
total recovered,antigua and barbuda,0,0,0,11,19,20
total recovered,argentina,0,0,240,1256,5336,5709
total recovered,armenia,0,0,30,929,3386,3427
total recovered,australia,2,11,358,5742,6618,6636
total recovered,austria,0,0,1095,12907,15593,15629
total recovered,azerbaijan,0,0,26,1325,3428,3564
total recovered,bahamas,0,0,1,25,48,49
total recovered,bahrain,0,0,295,1500,6673,7407
total recovered,bangladesh,0,0,25,160,9781,11120
total recovered,barbados,0,0,0,39,76,76
total recovered,belarus,0,0,47,2386,18514,19195
total recovered,belgium,0,1,1696,11576,15887,15934
total recovered,belize,0,0,0,9,16,16
total recovered,benin,0,0,1,33,143,148
total recovered,bhutan,0,0,0,5,6,9
total recovered,bolivia,0,0,0,132,968,1298
total recovered,bosnia and herzegovina,0,0,17,727,1862,1910
total recovered,botswana,0,0,0,5,20,23
total recovered,brazil,0,0,127,35935,206555,223638
total recovered,brunei,0,0,45,124,138,138
total recovered,bulgaria,0,0,17,266,1074,1123
total recovered,burkina faso,0,0,32,506,720,720
total recovered,burma,0,0,0,27,138,143
total recovered,burundi,0,0,0,4,33,33
total recovered,cabo verde,0,0,0,4,193,237
total recovered,cambodia,0,1,23,119,123,123
total recovered,cameroon,0,0,5,934,3568,3676
total recovered,canada,0,6,1592,21424,49213,50725
total recovered,central african republic,0,0,0,10,23,23
total recovered,chad,0,0,0,33,491,562
total recovered,chile,0,0,156,8580,42727,21325
total recovered,china,214,39320,76206,78523,79389,79400
total recovered,colombia,0,0,31,1439,7032,9689
total recovered,comoros,0,0,0,0,26,27
total recovered,congo (brazzaville),0,0,0,19,179,179
total recovered,congo (kinshasa),0,0,2,73,448,482
total recovered,costa rica,0,0,4,338,669,682
total recovered,cote d'ivoire,0,0,7,574,1435,1501
total recovered,croatia,0,0,67,1348,2072,2088
total recovered,cuba,0,0,8,681,1809,1827
total recovered,cyprus,0,0,23,296,790,790
total recovered,czechia,0,0,45,3314,6558,6686
total recovered,denmark,0,0,77,6741,10560,10687
total recovered,diamond princess,0,10,603,645,651,651
total recovered,djibouti,0,0,0,642,1504,1607
total recovered,dominica,0,0,0,13,16,16
total recovered,dominican republic,0,0,5,1301,10559,11075
total recovered,ecuador,0,0,54,1558,19592,20019
total recovered,egypt,0,1,157,1381,6037,6827
total recovered,el salvador,0,0,0,119,1040,1160
total recovered,equatorial guinea,0,0,1,9,200,200
total recovered,eritrea,0,0,0,26,39,39
total recovered,estonia,0,0,26,249,1624,1632
total recovered,eswatini,0,0,0,12,189,198
total recovered,ethiopia,0,0,2,59,209,231
total recovered,fiji,0,0,0,12,15,15
total recovered,finland,0,1,10,3000,5500,5500
total recovered,france,0,12,9513,49476,68473,68930
total recovered,gabon,0,0,0,67,722,779
total recovered,gambia,0,0,0,8,20,20
total recovered,georgia,0,0,21,184,605,634
total recovered,germany,0,16,16100,123500,165352,166609
total recovered,ghana,0,0,31,212,2947,2986
total recovered,greece,0,0,52,1374,1374,1374
total recovered,grenada,0,0,0,13,18,18
total recovered,guatemala,0,0,12,66,735,824
total recovered,guinea,0,0,0,329,2030,2267
total recovered,guinea-bissau,0,0,0,19,42,53
total recovered,guyana,0,0,0,22,70,70
total recovered,haiti,0,0,1,8,24,24
total recovered,holy see,0,0,0,2,2,2
total recovered,honduras,0,0,3,79,537,563
total recovered,hungary,0,0,37,581,2147,2160
total recovered,iceland,0,0,198,1670,1794,1794
total recovered,india,0,3,123,9068,91852,100285
total recovered,indonesia,0,0,81,1522,7308,7935
total recovered,iran,0,123,14656,75103,118848,123077
total recovered,iraq,0,0,170,1375,3156,3508
total recovered,ireland,0,0,5,13386,22089,22089
total recovered,israel,0,1,224,8561,14812,14940
total recovered,italy,0,46,15729,75945,157507,160092
total recovered,jamaica,0,0,2,29,311,356
total recovered,japan,1,32,424,2460,14342,14585
total recovered,jordan,0,0,30,362,522,549
total recovered,kazakhstan,0,0,24,866,5404,5941
total recovered,kenya,0,0,1,144,478,499
total recovered,|korea, south|,0,27,5408,9072,10422,10467
total recovered,kosovo,0,0,6,271,829,829
total recovered,kuwait,0,0,73,1539,11386,14281
total recovered,kyrgyzstan,0,0,3,462,1170,1219
total recovered,laos,0,0,0,8,16,16
total recovered,latvia,0,0,1,348,745,760
total recovered,lebanon,0,0,37,150,712,719
total recovered,lesotho,0,0,0,0,1,1
total recovered,liberia,0,0,0,45,157,167
total recovered,libya,0,0,1,18,52,52
total recovered,liechtenstein,0,0,0,55,55,55
total recovered,lithuania,0,0,7,589,1236,1249
total recovered,luxembourg,0,0,80,3213,3833,3848
total recovered,ms zaandam,0,0,0,0,0,0
total recovered,madagascar,0,0,0,92,168,185
total recovered,malawi,0,0,0,7,42,42
total recovered,malaysia,0,18,537,4171,6353,6470
total recovered,maldives,0,0,13,17,453,608
total recovered,mali,0,0,0,135,716,769
total recovered,malta,0,0,2,351,534,554
total recovered,mauritania,0,0,2,6,27,55
total recovered,mauritius,0,0,0,310,322,322
total recovered,mexico,0,0,35,11423,63772,69749
total recovered,moldova,0,0,18,1182,4581,4738
total recovered,monaco,0,0,2,64,90,90
total recovered,mongolia,0,0,2,10,44,44
total recovered,montenegro,0,0,0,214,315,315
total recovered,morocco,0,0,24,984,5459,6410
total recovered,mozambique,0,0,0,12,91,98
total recovered,namibia,0,0,2,8,14,16
total recovered,nepal,0,1,1,16,220,266
total recovered,netherlands,0,0,3,125,178,180
total recovered,new zealand,0,0,74,1252,1481,1481
total recovered,nicaragua,0,0,0,7,370,370
total recovered,niger,0,0,0,452,839,848
total recovered,nigeria,0,0,8,319,3007,3240
total recovered,north macedonia,0,0,12,738,1552,1595
total recovered,norway,0,0,13,32,7727,7727
total recovered,oman,0,1,34,495,2682,2812
total recovered,pakistan,0,0,76,4315,25271,27110
total recovered,panama,0,0,9,576,9514,9514
total recovered,papua new guinea,0,0,0,0,8,8
total recovered,paraguay,0,0,1,113,477,498
total recovered,peru,0,0,394,10405,67208,69257
total recovered,philippines,0,1,49,1043,3909,4063
total recovered,poland,0,0,7,3236,11271,11726
total recovered,portugal,0,0,43,1519,19409,19869
total recovered,qatar,0,0,62,1372,30290,36036
total recovered,romania,0,0,220,4017,13256,13526
total recovered,russia,0,2,121,11619,171883,186602
total recovered,rwanda,0,0,0,104,256,269
total recovered,saint kitts and nevis,0,0,0,6,15,15
total recovered,saint lucia,0,0,1,15,18,18
total recovered,saint vincent and the grenadines,0,0,1,8,15,15
total recovered,san marino,0,0,13,78,357,384
total recovered,sao tome and principe,0,0,0,4,68,68
total recovered,saudi arabia,0,0,165,3163,62442,65790
total recovered,senegal,0,0,40,334,1801,1954
total recovered,serbia,0,0,0,1343,6698,6766
total recovered,seychelles,0,0,0,6,11,11
total recovered,sierra leone,0,0,0,21,454,480
total recovered,singapore,0,72,240,1244,21699,23175
total recovered,slovakia,0,0,3,524,1366,1372
total recovered,slovenia,0,0,10,233,1358,1358
total recovered,somalia,0,0,1,31,348,361
total recovered,south africa,0,0,31,2073,16809,18313
total recovered,south sudan,0,0,0,0,6,6
total recovered,spain,0,2,19259,112050,150376,150376
total recovered,sri lanka,0,1,17,154,801,823
total recovered,sudan,0,0,1,39,1423,1625
total recovered,suriname,0,0,0,8,9,9
total recovered,sweden,0,0,16,1005,4971,0
total recovered,switzerland,0,0,1823,23400,28500,28500
total recovered,syria,0,0,0,21,46,50
total recovered,taiwan*,0,9,39,322,423,427
total recovered,tajikistan,0,0,0,0,2004,2217
total recovered,tanzania,0,0,1,167,183,183
total recovered,thailand,5,28,342,2684,2963,2966
total recovered,timor-leste,0,0,0,16,24,24
total recovered,togo,0,0,10,65,211,230
total recovered,trinidad and tobago,0,0,1,72,108,108
total recovered,tunisia,0,0,3,305,960,965
total recovered,turkey,0,0,243,48886,127973,129921
total recovered,us,0,7,7024,153947,444758,463868
total recovered,uganda,0,0,0,52,72,82
total recovered,ukraine,0,0,10,1238,9538,10461
total recovered,united arab emirates,0,5,61,2429,17932,18726
total recovered,united kingdom,0,8,179,859,1190,1224
total recovered,uruguay,0,0,41,417,685,691
total recovered,uzbekistan,0,0,7,1133,2837,2908
total recovered,venezuela,0,0,39,142,302,334
total recovered,vietnam,0,16,58,219,279,298
total recovered,west bank and gaza,0,0,18,76,372,372
total recovered,western sahara,0,0,0,5,6,6
total recovered,yemen,0,0,0,1,14,15
total recovered,zambia,0,0,0,55,779,912
total recovered,zimbabwe,0,0,0,5,29,29
total recovered,world,222,39782,177784,1013886,2641329,2729527
total recovered,united states,0,7,7024,153947,444758,463868
total recovered,usa,0,7,7024,153947,444758,463868
total recovered,south korea,0,27,5408,9072,10422,10467
total recovered,uk,0,8,179,859,1190,1224
new deaths,afghanistan,0,0,4,60,193,13
new deaths,albania,0,0,15,16,2,0
new deaths,algeria,0,0,44,406,203,14
new deaths,andorra,0,0,12,30,9,0
new deaths,angola,0,0,2,0,2,0
new deaths,antigua and barbuda,0,0,0,3,0,0
new deaths,argentina,0,0,27,191,321,30
new deaths,armenia,0,0,3,29,99,27
new deaths,australia,0,0,18,75,10,-1
new deaths,austria,0,0,128,456,84,1
new deaths,azerbaijan,0,0,5,19,39,8
new deaths,bahamas,0,0,0,11,0,0
new deaths,bahrain,0,0,4,4,11,0
new deaths,bangladesh,0,0,5,163,482,59
new deaths,barbados,0,0,0,7,0,0
new deaths,belarus,0,0,1,88,146,8
new deaths,belgium,0,0,705,6889,1873,38
new deaths,belize,0,0,0,2,0,0
new deaths,benin,0,0,0,1,2,0
new deaths,bhutan,0,0,0,0,0,0
new deaths,bolivia,0,0,6,56,251,63
new deaths,bosnia and herzegovina,0,0,13,56,84,4
new deaths,botswana,0,0,1,0,0,0
new deaths,brazil,0,0,201,5805,23308,1885
new deaths,brunei,0,0,1,0,1,0
new deaths,bulgaria,0,0,8,58,74,4
new deaths,burkina faso,0,0,14,29,10,0
new deaths,burma,0,0,1,5,0,0
new deaths,burundi,0,0,0,1,0,0
new deaths,cabo verde,0,0,1,0,3,1
new deaths,cambodia,0,0,0,0,0,0
new deaths,cameroon,0,0,6,55,130,9
new deaths,canada,0,0,101,3209,4064,102
new deaths,central african republic,0,0,0,0,2,2
new deaths,chad,0,0,0,5,60,1
new deaths,chile,0,0,12,215,827,134
new deaths,china,213,2624,472,1328,1,0
new deaths,colombia,0,0,16,277,623,98
new deaths,comoros,0,0,0,0,2,0
new deaths,congo (brazzaville),0,0,0,9,11,0
new deaths,congo (kinshasa),0,0,8,23,41,0
new deaths,costa rica,0,0,2,4,4,0
new deaths,cote d'ivoire,0,0,1,13,19,0
new deaths,croatia,0,0,6,63,34,0
new deaths,cuba,0,0,6,55,22,0
new deaths,cyprus,0,0,8,7,2,0
new deaths,czechia,0,0,31,205,84,3
new deaths,denmark,0,0,90,362,122,6
new deaths,diamond princess,0,6,4,3,0,0
new deaths,djibouti,0,0,0,2,22,1
new deaths,dominica,0,0,0,0,0,0
new deaths,dominican republic,0,0,51,250,201,13
new deaths,ecuador,0,0,75,825,2458,80
new deaths,egypt,0,0,46,346,567,93
new deaths,el salvador,0,0,1,9,36,3
new deaths,equatorial guinea,0,0,0,1,11,0
new deaths,eritrea,0,0,0,0,0,0
new deaths,estonia,0,0,4,48,16,0
new deaths,eswatini,0,0,0,1,1,1
new deaths,ethiopia,0,0,0,3,8,3
new deaths,fiji,0,0,0,0,0,0
new deaths,finland,0,0,17,194,109,0
new deaths,france,0,2,3530,20847,4426,138
new deaths,gabon,0,0,1,2,14,3
new deaths,gambia,0,0,1,0,0,0
new deaths,georgia,0,0,0,6,6,1
new deaths,germany,0,0,775,5848,1917,23
new deaths,ghana,0,0,5,12,19,2
new deaths,greece,0,0,49,91,35,4
new deaths,grenada,0,0,0,0,0,0
new deaths,guatemala,0,0,1,15,92,15
new deaths,guinea,0,0,0,7,16,0
new deaths,guinea-bissau,0,0,0,1,7,0
new deaths,guyana,0,0,2,7,3,0
new deaths,haiti,0,0,0,8,36,1
new deaths,holy see,0,0,0,0,0,0
new deaths,honduras,0,0,7,64,141,13
new deaths,hungary,0,0,16,296,214,6
new deaths,iceland,0,0,2,8,0,0
new deaths,india,0,0,35,1119,4254,421
new deaths,indonesia,0,0,136,656,821,50
new deaths,iran,0,43,2855,3130,1769,145
new deaths,iraq,0,0,50,43,112,30
new deaths,ireland,0,0,71,1161,420,6
new deaths,israel,0,0,20,202,63,5
new deaths,italy,0,29,12399,15539,5448,115
new deaths,jamaica,0,0,1,7,1,0
new deaths,japan,0,5,51,374,468,4
new deaths,jordan,0,0,5,3,1,0
new deaths,kazakhstan,0,0,2,23,15,4
new deaths,kenya,0,0,1,16,47,7
new deaths,|korea, south|,0,16,146,86,23,2
new deaths,kosovo,0,0,1,21,8,0
new deaths,kuwait,0,0,0,26,186,14
new deaths,kyrgyzstan,0,0,0,8,8,1
new deaths,laos,0,0,0,0,0,0
new deaths,latvia,0,0,0,15,9,0
new deaths,lebanon,0,0,12,12,3,0
new deaths,lesotho,0,0,0,0,0,0
new deaths,liberia,0,0,0,16,11,1
new deaths,libya,0,0,0,3,2,0
new deaths,liechtenstein,0,0,0,1,0,0
new deaths,lithuania,0,0,8,37,25,1
new deaths,luxembourg,0,0,23,67,20,0
new deaths,ms zaandam,0,0,0,2,0,0
new deaths,madagascar,0,0,0,0,6,0
new deaths,malawi,0,0,0,3,1,0
new deaths,malaysia,0,0,43,59,13,0
new deaths,maldives,0,0,0,1,4,2
new deaths,mali,0,0,2,24,51,1
new deaths,malta,0,0,0,4,5,0
new deaths,mauritania,0,0,1,0,22,8
new deaths,mauritius,0,0,5,5,0,0
new deaths,mexico,0,0,29,1830,8071,707
new deaths,moldova,0,0,4,112,179,12
new deaths,monaco,0,0,1,3,0,0
new deaths,mongolia,0,0,0,0,0,0
new deaths,montenegro,0,0,2,5,2,0
new deaths,morocco,0,0,36,134,35,1
new deaths,mozambique,0,0,0,0,2,0
new deaths,namibia,0,0,0,0,0,0
new deaths,nepal,0,0,0,0,8,0
new deaths,netherlands,0,0,1040,3771,1164,11
new deaths,new zealand,0,0,1,18,3,0
new deaths,nicaragua,0,0,1,2,32,11
new deaths,niger,0,0,3,29,32,1
new deaths,nigeria,0,0,2,56,229,27
new deaths,north macedonia,0,0,9,68,56,8
new deaths,norway,0,0,39,171,26,1
new deaths,oman,0,0,1,10,38,10
new deaths,pakistan,0,0,26,359,1098,138
new deaths,panama,0,0,30,158,148,16
new deaths,papua new guinea,0,0,0,0,0,0
new deaths,paraguay,0,0,3,7,1,0
new deaths,peru,0,0,30,1021,3455,128
new deaths,philippines,0,1,87,480,389,9
new deaths,poland,0,0,33,611,420,28
new deaths,portugal,0,0,160,829,421,26
new deaths,qatar,0,0,2,8,28,5
new deaths,romania,0,0,82,635,549,22
new deaths,russia,0,0,17,1056,3620,338
new deaths,rwanda,0,0,0,0,1,1
new deaths,saint kitts and nevis,0,0,0,0,0,0
new deaths,saint lucia,0,0,0,0,0,0
new deaths,saint vincent and the grenadines,0,0,0,0,0,0
new deaths,san marino,0,0,26,15,1,0
new deaths,sao tome and principe,0,0,0,0,12,0
new deaths,saudi arabia,0,0,10,152,341,46
new deaths,senegal,0,0,0,9,33,1
new deaths,serbia,0,0,16,163,64,2
new deaths,seychelles,0,0,0,0,0,0
new deaths,sierra leone,0,0,0,7,39,0
new deaths,singapore,0,0,3,12,8,1
new deaths,slovakia,0,0,0,23,5,0
new deaths,slovenia,0,0,15,76,17,1
new deaths,somalia,0,0,0,28,50,1
new deaths,south africa,0,0,5,98,580,72
new deaths,south sudan,0,0,0,0,10,0
new deaths,spain,0,0,8464,16079,2584,0
new deaths,sri lanka,0,0,2,5,3,1
new deaths,sudan,0,0,2,29,255,21
new deaths,suriname,0,0,0,1,0,0
new deaths,sweden,0,0,180,2406,1809,73
new deaths,switzerland,0,0,433,1304,183,0
new deaths,syria,0,0,2,1,2,1
new deaths,taiwan*,0,1,4,1,1,0
new deaths,tajikistan,0,0,0,0,47,0
new deaths,tanzania,0,0,1,15,5,0
new deaths,thailand,0,0,10,44,3,1
new deaths,timor-leste,0,0,0,0,0,0
new deaths,togo,0,0,1,8,4,0
new deaths,trinidad and tobago,0,0,3,5,0,0
new deaths,tunisia,0,0,10,31,7,0
new deaths,turkey,0,0,214,2960,1366,45
new deaths,us,0,1,5366,57629,41385,1799
new deaths,uganda,0,0,0,0,0,0
new deaths,ukraine,0,0,17,244,447,25
new deaths,united arab emirates,0,0,6,99,159,5
new deaths,united kingdom,0,0,2429,24413,11729,881
new deaths,uruguay,0,0,1,16,5,1
new deaths,uzbekistan,0,0,2,7,6,0
new deaths,venezuela,0,0,3,13,-2,4
new deaths,vietnam,0,0,0,0,0,0
new deaths,west bank and gaza,0,0,1,1,1,0
new deaths,western sahara,0,0,0,0,1,0
new deaths,yemen,0,0,0,2,78,7
new deaths,zambia,0,0,0,3,4,0
new deaths,zimbabwe,0,0,1,3,0,0
new deaths,world,213,2728,41297,189122,138675,8214
new deaths,united states,0,1,5366,57629,41385,1799
new deaths,usa,0,1,5366,57629,41385,1799
new deaths,south korea,0,16,146,86,23,2
new deaths,uk,0,0,2429,24413,11729,881
total deaths,afghanistan,0,0,4,64,257,270
total deaths,albania,0,0,15,31,33,33
total deaths,algeria,0,0,44,450,653,667
total deaths,andorra,0,0,12,42,51,51
total deaths,angola,0,0,2,2,4,4
total deaths,antigua and barbuda,0,0,0,3,3,3
total deaths,argentina,0,0,27,218,539,569
total deaths,armenia,0,0,3,32,131,158
total deaths,australia,0,0,18,93,103,102
total deaths,austria,0,0,128,584,668,669
total deaths,azerbaijan,0,0,5,24,63,71
total deaths,bahamas,0,0,0,11,11,11
total deaths,bahrain,0,0,4,8,19,19
total deaths,bangladesh,0,0,5,168,650,709
total deaths,barbados,0,0,0,7,7,7
total deaths,belarus,0,0,1,89,235,243
total deaths,belgium,0,0,705,7594,9467,9505
total deaths,belize,0,0,0,2,2,2
total deaths,benin,0,0,0,1,3,3
total deaths,bhutan,0,0,0,0,0,0
total deaths,bolivia,0,0,6,62,313,376
total deaths,bosnia and herzegovina,0,0,13,69,153,157
total deaths,botswana,0,0,1,1,1,1
total deaths,brazil,0,0,201,6006,29314,31199
total deaths,brunei,0,0,1,1,2,2
total deaths,bulgaria,0,0,8,66,140,144
total deaths,burkina faso,0,0,14,43,53,53
total deaths,burma,0,0,1,6,6,6
total deaths,burundi,0,0,0,1,1,1
total deaths,cabo verde,0,0,1,1,4,5
total deaths,cambodia,0,0,0,0,0,0
total deaths,cameroon,0,0,6,61,191,200
total deaths,canada,0,0,101,3310,7374,7476
total deaths,central african republic,0,0,0,0,2,4
total deaths,chad,0,0,0,5,65,66
total deaths,chile,0,0,12,227,1054,1188
total deaths,china,213,2837,3309,4637,4638,4638
total deaths,colombia,0,0,16,293,916,1014
total deaths,comoros,0,0,0,0,2,2
total deaths,congo (brazzaville),0,0,0,9,20,20
total deaths,congo (kinshasa),0,0,8,31,72,72
total deaths,costa rica,0,0,2,6,10,10
total deaths,cote d'ivoire,0,0,1,14,33,33
total deaths,croatia,0,0,6,69,103,103
total deaths,cuba,0,0,6,61,83,83
total deaths,cyprus,0,0,8,15,17,17
total deaths,czechia,0,0,31,236,320,323
total deaths,denmark,0,0,90,452,574,580
total deaths,diamond princess,0,6,10,13,13,13
total deaths,djibouti,0,0,0,2,24,25
total deaths,dominica,0,0,0,0,0,0
total deaths,dominican republic,0,0,51,301,502,515
total deaths,ecuador,0,0,75,900,3358,3438
total deaths,egypt,0,0,46,392,959,1052
total deaths,el salvador,0,0,1,10,46,49
total deaths,equatorial guinea,0,0,0,1,12,12
total deaths,eritrea,0,0,0,0,0,0
total deaths,estonia,0,0,4,52,68,68
total deaths,eswatini,0,0,0,1,2,3
total deaths,ethiopia,0,0,0,3,11,14
total deaths,fiji,0,0,0,0,0,0
total deaths,finland,0,0,17,211,320,320
total deaths,france,0,2,3532,24379,28805,28943
total deaths,gabon,0,0,1,3,17,20
total deaths,gambia,0,0,1,1,1,1
total deaths,georgia,0,0,0,6,12,13
total deaths,germany,0,0,775,6623,8540,8563
total deaths,ghana,0,0,5,17,36,38
total deaths,greece,0,0,49,140,175,179
total deaths,grenada,0,0,0,0,0,0
total deaths,guatemala,0,0,1,16,108,123
total deaths,guinea,0,0,0,7,23,23
total deaths,guinea-bissau,0,0,0,1,8,8
total deaths,guyana,0,0,2,9,12,12
total deaths,haiti,0,0,0,8,44,45
total deaths,holy see,0,0,0,0,0,0
total deaths,honduras,0,0,7,71,212,225
total deaths,hungary,0,0,16,312,526,532
total deaths,iceland,0,0,2,10,10,10
total deaths,india,0,0,35,1154,5408,5829
total deaths,indonesia,0,0,136,792,1613,1663
total deaths,iran,0,43,2898,6028,7797,7942
total deaths,iraq,0,0,50,93,205,235
total deaths,ireland,0,0,71,1232,1652,1658
total deaths,israel,0,0,20,222,285,290
total deaths,italy,0,29,12428,27967,33415,33530
total deaths,jamaica,0,0,1,8,9,9
total deaths,japan,0,5,56,430,898,902
total deaths,jordan,0,0,5,8,9,9
total deaths,kazakhstan,0,0,2,25,40,44
total deaths,kenya,0,0,1,17,64,71
total deaths,|korea, south|,0,16,162,248,271,273
total deaths,kosovo,0,0,1,22,30,30
total deaths,kuwait,0,0,0,26,212,226
total deaths,kyrgyzstan,0,0,0,8,16,17
total deaths,laos,0,0,0,0,0,0
total deaths,latvia,0,0,0,15,24,24
total deaths,lebanon,0,0,12,24,27,27
total deaths,lesotho,0,0,0,0,0,0
total deaths,liberia,0,0,0,16,27,28
total deaths,libya,0,0,0,3,5,5
total deaths,liechtenstein,0,0,0,1,1,1
total deaths,lithuania,0,0,8,45,70,71
total deaths,luxembourg,0,0,23,90,110,110
total deaths,ms zaandam,0,0,0,2,2,2
total deaths,madagascar,0,0,0,0,6,6
total deaths,malawi,0,0,0,3,4,4
total deaths,malaysia,0,0,43,102,115,115
total deaths,maldives,0,0,0,1,5,7
total deaths,mali,0,0,2,26,77,78
total deaths,malta,0,0,0,4,9,9
total deaths,mauritania,0,0,1,1,23,31
total deaths,mauritius,0,0,5,10,10,10
total deaths,mexico,0,0,29,1859,9930,10637
total deaths,moldova,0,0,4,116,295,307
total deaths,monaco,0,0,1,4,4,4
total deaths,mongolia,0,0,0,0,0,0
total deaths,montenegro,0,0,2,7,9,9
total deaths,morocco,0,0,36,170,205,206
total deaths,mozambique,0,0,0,0,2,2
total deaths,namibia,0,0,0,0,0,0
total deaths,nepal,0,0,0,0,8,8
total deaths,netherlands,0,0,1040,4811,5975,5986
total deaths,new zealand,0,0,1,19,22,22
total deaths,nicaragua,0,0,1,3,35,46
total deaths,niger,0,0,3,32,64,65
total deaths,nigeria,0,0,2,58,287,314
total deaths,north macedonia,0,0,9,77,133,141
total deaths,norway,0,0,39,210,236,237
total deaths,oman,0,0,1,11,49,59
total deaths,pakistan,0,0,26,385,1483,1621
total deaths,panama,0,0,30,188,336,352
total deaths,papua new guinea,0,0,0,0,0,0
total deaths,paraguay,0,0,3,10,11,11
total deaths,peru,0,0,30,1051,4506,4634
total deaths,philippines,0,1,88,568,957,966
total deaths,poland,0,0,33,644,1064,1092
total deaths,portugal,0,0,160,989,1410,1436
total deaths,qatar,0,0,2,10,38,43
total deaths,romania,0,0,82,717,1266,1288
total deaths,russia,0,0,17,1073,4693,5031
total deaths,rwanda,0,0,0,0,1,2
total deaths,saint kitts and nevis,0,0,0,0,0,0
total deaths,saint lucia,0,0,0,0,0,0
total deaths,saint vincent and the grenadines,0,0,0,0,0,0
total deaths,san marino,0,0,26,41,42,42
total deaths,sao tome and principe,0,0,0,0,12,12
total deaths,saudi arabia,0,0,10,162,503,549
total deaths,senegal,0,0,0,9,42,43
total deaths,serbia,0,0,16,179,243,245
total deaths,seychelles,0,0,0,0,0,0
total deaths,sierra leone,0,0,0,7,46,46
total deaths,singapore,0,0,3,15,23,24
total deaths,slovakia,0,0,0,23,28,28
total deaths,slovenia,0,0,15,91,108,109
total deaths,somalia,0,0,0,28,78,79
total deaths,south africa,0,0,5,103,683,755
total deaths,south sudan,0,0,0,0,10,10
total deaths,spain,0,0,8464,24543,27127,27127
total deaths,sri lanka,0,0,2,7,10,11
total deaths,sudan,0,0,2,31,286,307
total deaths,suriname,0,0,0,1,1,1
total deaths,sweden,0,0,180,2586,4395,4468
total deaths,switzerland,0,0,433,1737,1920,1920
total deaths,syria,0,0,2,3,5,6
total deaths,taiwan*,0,1,5,6,7,7
total deaths,tajikistan,0,0,0,0,47,47
total deaths,tanzania,0,0,1,16,21,21
total deaths,thailand,0,0,10,54,57,58
total deaths,timor-leste,0,0,0,0,0,0
total deaths,togo,0,0,1,9,13,13
total deaths,trinidad and tobago,0,0,3,8,8,8
total deaths,tunisia,0,0,10,41,48,48
total deaths,turkey,0,0,214,3174,4540,4585
total deaths,us,0,1,5367,62996,104381,106180
total deaths,uganda,0,0,0,0,0,0
total deaths,ukraine,0,0,17,261,708,733
total deaths,united arab emirates,0,0,6,105,264,269
total deaths,united kingdom,0,0,2429,26842,38571,39452
total deaths,uruguay,0,0,1,17,22,23
total deaths,uzbekistan,0,0,2,9,15,15
total deaths,venezuela,0,0,3,16,14,18
total deaths,vietnam,0,0,0,0,0,0
total deaths,west bank and gaza,0,0,1,2,3,3
total deaths,western sahara,0,0,0,0,1,1
total deaths,yemen,0,0,0,2,80,87
total deaths,zambia,0,0,0,3,7,7
total deaths,zimbabwe,0,0,1,4,4,4
total deaths,world,213,2941,44238,233360,372035,380249
total deaths,united states,0,1,5367,62996,104381,106180
total deaths,usa,0,1,5367,62996,104381,106180
total deaths,south korea,0,16,162,248,271,273
total deaths,uk,0,0,2429,26842,38571,39452
